all_gap_point_count,layer,matched_gap_all_solver_success_percent,matched_gap_qualified_reference_percent,mean_corrected_segments,network_hds_acceptance_rate_percent,problem,qualified_gap_point_count,seed,selected_points
50,near_ood_0_10pct,0.5153926245017638,0.5153926245017638,0.46,100.0,vdp,50,20260771,50
44,far_ood_10_20pct,1.6732490524697754,1.6732490524697754,0.94,88.0,vdp,44,20260771,50
50,near_ood_0_10pct,0.5862642108582176,0.5862642108582176,0.46,100.0,vdp,50,20260772,50
45,far_ood_10_20pct,1.9281789795308781,1.9281789795308781,0.9,90.0,vdp,45,20260772,50
50,near_ood_0_10pct,0.2963940139806762,0.2963940139806762,0.36,100.0,vdp,50,20260773,50
43,far_ood_10_20pct,1.914246589382814,1.914246589382814,0.76,86.0,vdp,43,20260773,50
50,near_ood_0_10pct,0.33844366707778983,0.33844366707778983,0.3,100.0,vdp,50,20260774,50
49,far_ood_10_20pct,2.0422901365418618,2.0422901365418618,0.74,98.0,vdp,49,20260774,50
50,near_ood_0_10pct,0.25833775619572724,0.25833775619572724,0.46,100.0,vdp,50,20260775,50
44,far_ood_10_20pct,1.5611457975470011,1.5611457975470011,0.82,88.0,vdp,44,20260775,50
50,near_ood_0_10pct,0.5058241835196191,0.5058241835196191,0.32,100.0,vdp,50,20260776,50
45,far_ood_10_20pct,2.0110297469901193,2.0110297469901193,0.86,90.0,vdp,45,20260776,50
50,near_ood_0_10pct,0.33931988614730657,0.33931988614730657,0.28,100.0,vdp,50,20260777,50
48,far_ood_10_20pct,1.5364190981280659,1.5364190981280659,1.0,96.0,vdp,48,20260777,50
50,near_ood_0_10pct,0.25068360023302494,0.25068360023302494,0.24,100.0,vdp,50,20260778,50
49,far_ood_10_20pct,1.6050990420444196,1.6050990420444196,0.82,98.0,vdp,49,20260778,50
50,near_ood_0_10pct,0.25384784776051594,0.25384784776051594,0.44,100.0,vdp,50,20260779,50
46,far_ood_10_20pct,1.690442516400161,1.690442516400161,0.82,92.0,vdp,46,20260779,50
50,near_ood_0_10pct,0.33617275674217983,0.33617275674217983,0.7,100.0,vdp,50,20260780,50
49,far_ood_10_20pct,1.9395950647705833,1.9395950647705833,1.08,98.0,vdp,49,20260780,50
50,near_ood_0_10pct,0.21262823469960793,0.21262823469960793,0.34,100.0,vdp,50,20260781,50
43,far_ood_10_20pct,1.1353311253463654,1.1353311253463654,0.68,86.0,vdp,43,20260781,50
50,near_ood_0_10pct,0.29389657493742927,0.29389657493742927,0.4,100.0,vdp,50,20260782,50
45,far_ood_10_20pct,2.1323105326877836,2.1323105326877836,0.92,90.0,vdp,45,20260782,50
50,near_ood_0_10pct,0.3108727984911948,0.3108727984911948,0.46,100.0,vdp,50,20260783,50
46,far_ood_10_20pct,1.886043517335188,1.886043517335188,0.76,92.0,vdp,46,20260783,50
50,near_ood_0_10pct,0.3743437278871991,0.3743437278871991,0.3,100.0,vdp,50,20260784,50
40,far_ood_10_20pct,2.1471562114736225,2.1471562114736225,0.8,80.0,vdp,40,20260784,50
50,near_ood_0_10pct,0.4282862891504889,0.4282862891504889,0.38,100.0,vdp,50,20260785,50
45,far_ood_10_20pct,1.6962985048562547,1.6962985048562547,0.9,90.0,vdp,45,20260785,50
50,near_ood_0_10pct,0.28115513841065654,0.28115513841065654,0.38,100.0,vdp,50,20260786,50
41,far_ood_10_20pct,1.664139207427986,1.664139207427986,0.78,82.0,vdp,41,20260786,50
50,near_ood_0_10pct,0.2509647732904225,0.2509647732904225,0.3,100.0,vdp,50,20260787,50
47,far_ood_10_20pct,1.3692272667814405,1.3692272667814405,0.86,94.0,vdp,47,20260787,50
50,near_ood_0_10pct,0.2677540908011767,0.2677540908011767,0.26,100.0,vdp,50,20260788,50
46,far_ood_10_20pct,1.6003647372634862,1.6003647372634862,0.76,92.0,vdp,46,20260788,50
50,near_ood_0_10pct,0.29883667515296036,0.29883667515296036,0.6,100.0,vdp,50,20260789,50
48,far_ood_10_20pct,1.711175570740716,1.711175570740716,0.96,96.0,vdp,48,20260789,50
49,near_ood_0_10pct,0.27794199316918783,0.27794199316918783,0.3,98.0,vdp,49,20260790,50
44,far_ood_10_20pct,1.84673674830026,1.84673674830026,0.84,88.0,vdp,44,20260790,50
49,near_ood_0_10pct,0.27797581275327604,0.27797581275327604,0.42,98.0,vdp,49,20260791,50
41,far_ood_10_20pct,2.1507295965607183,2.1507295965607183,0.88,82.0,vdp,41,20260791,50
50,near_ood_0_10pct,0.2525872794692947,0.2525872794692947,0.36,100.0,vdp,50,20260792,50
46,far_ood_10_20pct,1.9600027917229652,1.9600027917229652,0.92,92.0,vdp,46,20260792,50
50,near_ood_0_10pct,0.2777114912421991,0.2777114912421991,0.44,100.0,vdp,50,20260793,50
46,far_ood_10_20pct,1.4629573030614558,1.4629573030614558,0.78,92.0,vdp,46,20260793,50
50,near_ood_0_10pct,0.3145893309304348,0.3145893309304348,0.4,100.0,vdp,50,20260794,50
46,far_ood_10_20pct,1.7657599398485777,1.7657599398485777,0.92,92.0,vdp,46,20260794,50
50,near_ood_0_10pct,0.29012807339317637,0.29012807339317637,0.52,100.0,vdp,50,20260795,50
43,far_ood_10_20pct,2.0755855603744595,2.0755855603744595,0.84,86.0,vdp,43,20260795,50
50,near_ood_0_10pct,0.3240478584168742,0.3240478584168742,0.56,100.0,vdp,50,20260796,50
44,far_ood_10_20pct,2.239556573547276,2.239556573547276,0.78,88.0,vdp,44,20260796,50
50,near_ood_0_10pct,0.33743068095800655,0.33743068095800655,0.52,100.0,vdp,50,20260797,50
43,far_ood_10_20pct,1.7459145786179713,1.7459145786179713,0.68,86.0,vdp,43,20260797,50
49,near_ood_0_10pct,0.3233222743704065,0.3233222743704065,0.48,98.0,vdp,49,20260798,50
40,far_ood_10_20pct,2.0894236397602346,2.0894236397602346,0.82,80.0,vdp,40,20260798,50
49,near_ood_0_10pct,0.31067099870241555,0.31067099870241555,0.6,98.0,vdp,49,20260799,50
41,far_ood_10_20pct,1.8021729148226275,1.8021729148226275,0.86,82.0,vdp,41,20260799,50
50,near_ood_0_10pct,0.3819979825426502,0.3819979825426502,0.26,100.0,vdp,50,20260800,50
45,far_ood_10_20pct,2.0779703762594703,2.0779703762594703,0.84,90.0,vdp,45,20260800,50
50,near_ood_0_10pct,1.7399297122899477,1.7399297122899477,3.0,100.0,penicillin,50,20260771,50
50,far_ood_10_20pct,4.7031245988072525,4.7031245988072525,3.0,100.0,penicillin,50,20260771,50
50,near_ood_0_10pct,1.5760218859746207,1.5760218859746207,2.94,100.0,penicillin,50,20260772,50
50,far_ood_10_20pct,5.244300755696504,5.244300755696504,3.0,100.0,penicillin,50,20260772,50
50,near_ood_0_10pct,1.5068665596811512,1.5068665596811512,2.94,100.0,penicillin,50,20260773,50
50,far_ood_10_20pct,4.93238426206022,4.93238426206022,3.0,100.0,penicillin,50,20260773,50
50,near_ood_0_10pct,1.3572766536550689,1.3572766536550689,2.9,100.0,penicillin,50,20260774,50
50,far_ood_10_20pct,4.228049781300905,4.228049781300905,3.0,100.0,penicillin,50,20260774,50
50,near_ood_0_10pct,0.9069876590177353,0.9069876590177353,2.96,100.0,penicillin,50,20260775,50
50,far_ood_10_20pct,2.8605087769990876,2.8605087769990876,3.0,100.0,penicillin,50,20260775,50
50,near_ood_0_10pct,1.3746976659228267,1.3746976659228267,2.88,100.0,penicillin,50,20260776,50
50,far_ood_10_20pct,3.9383051449096467,3.9383051449096467,3.0,100.0,penicillin,50,20260776,50
50,near_ood_0_10pct,1.5933333467992836,1.5933333467992836,2.94,100.0,penicillin,50,20260777,50
50,far_ood_10_20pct,5.055800282358893,5.055800282358893,3.0,100.0,penicillin,50,20260777,50
50,near_ood_0_10pct,1.3822754416309848,1.3822754416309848,3.0,100.0,penicillin,50,20260778,50
50,far_ood_10_20pct,4.661702409564615,4.661702409564615,3.0,100.0,penicillin,50,20260778,50
50,near_ood_0_10pct,1.6329069644458403,1.6329069644458403,3.0,100.0,penicillin,50,20260779,50
50,far_ood_10_20pct,4.884954883811224,4.884954883811224,3.0,100.0,penicillin,50,20260779,50
50,near_ood_0_10pct,1.0840866035654328,1.0840866035654328,2.9,100.0,penicillin,50,20260780,50
50,far_ood_10_20pct,4.115322497471791,4.115322497471791,3.04,100.0,penicillin,50,20260780,50
50,near_ood_0_10pct,1.1499694889461083,1.1499694889461083,3.0,100.0,penicillin,50,20260781,50
50,far_ood_10_20pct,3.5805014049493735,3.5805014049493735,3.0,100.0,penicillin,50,20260781,50
50,near_ood_0_10pct,1.0498302510161581,1.0498302510161581,3.0,100.0,penicillin,50,20260782,50
50,far_ood_10_20pct,3.4499066106576497,3.4499066106576497,3.0,100.0,penicillin,50,20260782,50
50,near_ood_0_10pct,1.4190046124797542,1.4190046124797542,3.0,100.0,penicillin,50,20260783,50
50,far_ood_10_20pct,4.090845662453572,4.090845662453572,3.0,100.0,penicillin,50,20260783,50
50,near_ood_0_10pct,1.1120945954602954,1.1120945954602954,3.0,100.0,penicillin,50,20260784,50
50,far_ood_10_20pct,3.7110864059459088,3.7110864059459088,3.0,100.0,penicillin,50,20260784,50
50,near_ood_0_10pct,1.360944678636084,1.360944678636084,2.96,100.0,penicillin,50,20260785,50
50,far_ood_10_20pct,4.308750924102383,4.308750924102383,3.0,100.0,penicillin,50,20260785,50
50,near_ood_0_10pct,1.1824946674226309,1.1824946674226309,2.9,100.0,penicillin,50,20260786,50
50,far_ood_10_20pct,4.1899612157924455,4.1899612157924455,3.0,100.0,penicillin,50,20260786,50
50,near_ood_0_10pct,1.5560872775615806,1.5560872775615806,3.0,100.0,penicillin,50,20260787,50
50,far_ood_10_20pct,4.563614183159401,4.563614183159401,3.0,100.0,penicillin,50,20260787,50
50,near_ood_0_10pct,0.9406838280256618,0.9406838280256618,2.8,100.0,penicillin,50,20260788,50
50,far_ood_10_20pct,3.3354093257417277,3.3354093257417277,3.0,100.0,penicillin,50,20260788,50
50,near_ood_0_10pct,1.3626368086953051,1.3626368086953051,3.0,100.0,penicillin,50,20260789,50
50,far_ood_10_20pct,3.9660564027701355,3.9660564027701355,3.0,100.0,penicillin,50,20260789,50
50,near_ood_0_10pct,1.1418641183527642,1.1418641183527642,3.0,100.0,penicillin,50,20260790,50
50,far_ood_10_20pct,3.567048386145964,3.567048386145964,3.0,100.0,penicillin,50,20260790,50
50,near_ood_0_10pct,1.0902726437572337,1.0902726437572337,2.9,100.0,penicillin,50,20260791,50
50,far_ood_10_20pct,2.9103524430167647,2.9103524430167647,3.0,100.0,penicillin,50,20260791,50
50,near_ood_0_10pct,1.2875878802933487,1.2875878802933487,3.0,100.0,penicillin,50,20260792,50
50,far_ood_10_20pct,3.9922980111676996,3.9922980111676996,3.0,100.0,penicillin,50,20260792,50
50,near_ood_0_10pct,1.085636183634184,1.085636183634184,3.0,100.0,penicillin,50,20260793,50
50,far_ood_10_20pct,3.397575815387053,3.397575815387053,3.0,100.0,penicillin,50,20260793,50
50,near_ood_0_10pct,1.641245078510089,1.641245078510089,2.76,100.0,penicillin,50,20260794,50
50,far_ood_10_20pct,4.976582781866456,4.976582781866456,3.12,100.0,penicillin,50,20260794,50
50,near_ood_0_10pct,1.498416417829497,1.498416417829497,3.0,100.0,penicillin,50,20260795,50
50,far_ood_10_20pct,4.9683981388910805,4.9683981388910805,3.0,100.0,penicillin,50,20260795,50
50,near_ood_0_10pct,1.1935939279145509,1.1935939279145509,2.9,100.0,penicillin,50,20260796,50
50,far_ood_10_20pct,4.210506794942287,4.210506794942287,3.0,100.0,penicillin,50,20260796,50
50,near_ood_0_10pct,1.537447175275522,1.537447175275522,2.98,100.0,penicillin,50,20260797,50
50,far_ood_10_20pct,5.074830976815551,5.074830976815551,3.0,100.0,penicillin,50,20260797,50
50,near_ood_0_10pct,1.3691209037526766,1.3691209037526766,3.0,100.0,penicillin,50,20260798,50
50,far_ood_10_20pct,4.541177546003692,4.541177546003692,3.0,100.0,penicillin,50,20260798,50
50,near_ood_0_10pct,1.6710266190748881,1.6710266190748881,3.0,100.0,penicillin,50,20260799,50
50,far_ood_10_20pct,5.212107108902075,5.212107108902075,3.0,100.0,penicillin,50,20260799,50
50,near_ood_0_10pct,1.2546124095300777,1.2546124095300777,3.0,100.0,penicillin,50,20260800,50
50,far_ood_10_20pct,4.237252977696829,4.237252977696829,3.0,100.0,penicillin,50,20260800,50
50,near_ood_0_10pct,0.2850911753797987,0.2850911753797987,32.34,100.0,cstr,50,20260771,50
50,far_ood_10_20pct,0.4525326248473078,0.4525326248473078,32.76,100.0,cstr,50,20260771,50
50,near_ood_0_10pct,0.22804623232979515,0.22804623232979515,29.98,100.0,cstr,50,20260772,50
50,far_ood_10_20pct,0.5137252885787674,0.5137252885787674,29.58,100.0,cstr,50,20260772,50
50,near_ood_0_10pct,0.3715478727285143,0.3715478727285143,30.34,100.0,cstr,50,20260773,50
50,far_ood_10_20pct,0.7317554408452822,0.7317554408452822,34.9,100.0,cstr,50,20260773,50
50,near_ood_0_10pct,0.1666220219000272,0.1666220219000272,31.32,100.0,cstr,50,20260774,50
50,far_ood_10_20pct,0.3619732842265456,0.3619732842265456,26.54,100.0,cstr,50,20260774,50
50,near_ood_0_10pct,0.38703819034421566,0.38703819034421566,30.74,100.0,cstr,50,20260775,50
50,far_ood_10_20pct,0.6905676579513486,0.6905676579513486,33.32,100.0,cstr,50,20260775,50
50,near_ood_0_10pct,0.2892297179804572,0.2892297179804572,25.36,100.0,cstr,50,20260776,50
50,far_ood_10_20pct,0.512941047002766,0.512941047002766,27.16,100.0,cstr,50,20260776,50
50,near_ood_0_10pct,0.49058858092884555,0.49058858092884555,36.44,100.0,cstr,50,20260777,50
50,far_ood_10_20pct,0.7635108776214617,0.7635108776214617,35.88,100.0,cstr,50,20260777,50
50,near_ood_0_10pct,0.24726455801914746,0.24726455801914746,31.32,100.0,cstr,50,20260778,50
50,far_ood_10_20pct,0.37896724729809267,0.37896724729809267,30.48,100.0,cstr,50,20260778,50
50,near_ood_0_10pct,0.25576219182447635,0.25576219182447635,26.76,100.0,cstr,50,20260779,50
50,far_ood_10_20pct,0.4823091277343494,0.4823091277343494,24.52,100.0,cstr,50,20260779,50
50,near_ood_0_10pct,0.42055791070497095,0.42055791070497095,28.58,100.0,cstr,50,20260780,50
50,far_ood_10_20pct,0.7478714728826568,0.7478714728826568,35.32,100.0,cstr,50,20260780,50
50,near_ood_0_10pct,0.4726344223872658,0.4726344223872658,28.72,100.0,cstr,50,20260781,50
50,far_ood_10_20pct,0.8216744340805964,0.8216744340805964,33.94,100.0,cstr,50,20260781,50
50,near_ood_0_10pct,0.21794483098356904,0.21794483098356904,25.68,100.0,cstr,50,20260782,50
50,far_ood_10_20pct,0.49340564700682643,0.49340564700682643,29.88,100.0,cstr,50,20260782,50
50,near_ood_0_10pct,0.2283181058018141,0.2283181058018141,25.14,100.0,cstr,50,20260783,50
50,far_ood_10_20pct,0.41915170485057224,0.41915170485057224,24.84,100.0,cstr,50,20260783,50
50,near_ood_0_10pct,0.2980488928777014,0.2980488928777014,29.46,100.0,cstr,50,20260784,50
50,far_ood_10_20pct,0.5648665337521381,0.5648665337521381,29.84,100.0,cstr,50,20260784,50
50,near_ood_0_10pct,0.34085841872760975,0.34085841872760975,30.58,100.0,cstr,50,20260785,50
50,far_ood_10_20pct,0.5803699193973705,0.5803699193973705,31.34,100.0,cstr,50,20260785,50
50,near_ood_0_10pct,0.31989175304380596,0.31989175304380596,26.36,100.0,cstr,50,20260786,50
50,far_ood_10_20pct,0.6140010199173637,0.6140010199173637,32.14,100.0,cstr,50,20260786,50
50,near_ood_0_10pct,0.24543279606988283,0.24543279606988283,30.34,100.0,cstr,50,20260787,50
50,far_ood_10_20pct,0.4857877349510787,0.4857877349510787,27.88,100.0,cstr,50,20260787,50
50,near_ood_0_10pct,0.3135073397594866,0.3135073397594866,28.14,100.0,cstr,50,20260788,50
50,far_ood_10_20pct,0.6350858312090232,0.6350858312090232,31.46,100.0,cstr,50,20260788,50
50,near_ood_0_10pct,0.19295002371153624,0.19295002371153624,29.88,100.0,cstr,50,20260789,50
50,far_ood_10_20pct,0.3663481183311211,0.3663481183311211,25.2,100.0,cstr,50,20260789,50
50,near_ood_0_10pct,0.2307463729275466,0.2307463729275466,27.12,100.0,cstr,50,20260790,50
50,far_ood_10_20pct,0.44784824077650115,0.44784824077650115,27.98,100.0,cstr,50,20260790,50
50,near_ood_0_10pct,0.29271511060150035,0.29271511060150035,27.0,100.0,cstr,50,20260791,50
50,far_ood_10_20pct,0.6064401372768919,0.6064401372768919,31.4,100.0,cstr,50,20260791,50
50,near_ood_0_10pct,0.2436772508366127,0.2436772508366127,27.74,100.0,cstr,50,20260792,50
50,far_ood_10_20pct,0.5064747186486642,0.5064747186486642,29.22,100.0,cstr,50,20260792,50
50,near_ood_0_10pct,0.19454105813863834,0.19454105813863834,23.4,100.0,cstr,50,20260793,50
50,far_ood_10_20pct,0.43269015154343243,0.43269015154343243,25.46,100.0,cstr,50,20260793,50
50,near_ood_0_10pct,0.255857955645995,0.255857955645995,26.42,100.0,cstr,50,20260794,50
50,far_ood_10_20pct,0.622947524226171,0.622947524226171,34.28,100.0,cstr,50,20260794,50
50,near_ood_0_10pct,0.3199551788024857,0.3199551788024857,28.98,100.0,cstr,50,20260795,50
50,far_ood_10_20pct,0.6376251136518636,0.6376251136518636,31.54,100.0,cstr,50,20260795,50
50,near_ood_0_10pct,0.2677366039557323,0.2677366039557323,31.32,100.0,cstr,50,20260796,50
50,far_ood_10_20pct,0.4790525634338943,0.4790525634338943,34.84,100.0,cstr,50,20260796,50
50,near_ood_0_10pct,0.2932839267402887,0.2932839267402887,31.62,100.0,cstr,50,20260797,50
50,far_ood_10_20pct,0.6263445638162555,0.6263445638162555,35.48,100.0,cstr,50,20260797,50
50,near_ood_0_10pct,0.3221731882251619,0.3221731882251619,27.08,100.0,cstr,50,20260798,50
50,far_ood_10_20pct,0.616925573608025,0.616925573608025,30.52,100.0,cstr,50,20260798,50
50,near_ood_0_10pct,0.31103031047206126,0.31103031047206126,29.68,100.0,cstr,50,20260799,50
50,far_ood_10_20pct,0.5864851875191607,0.5864851875191607,30.98,100.0,cstr,50,20260799,50
50,near_ood_0_10pct,0.3312537677241809,0.3312537677241809,26.42,100.0,cstr,50,20260800,50
50,far_ood_10_20pct,0.6100085696722322,0.6100085696722322,31.1,100.0,cstr,50,20260800,50
